prix,marque,annee,type de taille,consommation de carburant,puissance,couple,type de carburant,lpg,hybrid,emission co2,poids,boite de vitesse
8620,kia,2015,luxury,7.6,425,52,essence,0,0,5038,2105,automatique
11150,hyundai,2015,luxury,8.1,416,52,essence,0,0,5038,2065,automatique
14570,hyundai,2015,luxury,7.4,416,52,essence,0,0,5038,2145,automatique
10687,ssangyong,2015,luxury,7.5,306,45,essence,0,0,4966,2070,automatique
9324,ssangyong,2015,luxury,7.6,306,45,essence,0,0,4966,1960,automatique
5680,kia,2015,luxury,9.3,334,40.3,essence,0,0,3778,1940,automatique
6910,hyundai,2015,luxury,8.9,334,40.3,essence,0,0,3778,1915,automatique
5463,hyundai,2015,luxury,9,315,40.5,essence,0,0,3778,1930,automatique
5710,hyundai,2015,luxury,8.5,315,40.5,essence,0,0,3778,2000,automatique
9254,ssangyong,2015,luxury,8,250,35,essence,0,0,3598,2070,automatique
6565,ssangyong,2015,luxury,7.5,250,35,essence,0,0,3598,2075,automatique
6095,ssangyong,2015,luxury,8,250,35,essence,0,0,3598,1990,automatique
3520,samsung,2014,luxury,9.4,258,33.7,essence,0,0,3498,1640,automatique
2899,kia,2013,luxury,8.2,275,34.3,essence,0,0,3470,2072,automatique
4391,kia,2013,luxury,8.2,275,34.3,essence,0,0,3470,2085,automatique
3950,kia,2015,luxury,10,294,35.3,essence,0,0,3342,1635,automatique
4990,kia,2015,luxury,9.4,300,35.5,essence,0,0,3342,1920,automatique
3710,kia,2015,luxury,8.3,280,34.3,essence,0,0,3342,2047,automatique
3802,hyundai,2015,intermediaire,8.5,290,34.8,essence,0,0,3342,1901,automatique
3590,hyundai,2015,intermediaire,8.9,290,34.8,essence,0,0,3342,1832,automatique
4190,hyundai,2015,luxury,9.5,294,35.3,essence,0,0,3342,1690,automatique
4650,hyundai,2015,luxury,9.2,282,35.4,essence,0,0,3342,1900,automatique
4897,hyundai,2015,luxury,8.6,282,35.4,essence,0,0,3342,1970,automatique
6101,ssangyong,2015,luxury,7.6,225,30.2,essence,0,0,3199,2035,automatique
5631,ssangyong,2015,luxury,8.1,225,30.2,essence,0,0,3199,1935,automatique
3300,kia,2015,luxury,10.4,270,31.6,essence,0,0,2999,1535,automatique
3361,hyundai,2015,luxury,10.4,270,31.6,essence,0,0,2999,1590,automatique
3990,hyundai,2015,luxury,9.5,270,31.6,essence,0,0,2999,1670,automatique
3581,daewoo,2015,luxury,9.4,263,29.6,essence,0,0,2997,1725,automatique
3794,daewoo,2015,luxury,9.4,263,29.6,essence,0,0,2997,1725,automatique
3936,kia,2014,luxury,10.7,260,56,gazole,0,0,2959,2055,automatique
4160,kia,2014,luxury,10.3,260,56,gazole,0,0,2959,2155,automatique
4625,kia,2014,luxury,10.2,260,56,gazole,0,0,2959,2155,automatique
3838,hyundai,2015,luxury,11.2,255,48,gazole,0,0,2959,2035,automatique
4058,hyundai,2015,luxury,10.7,255,48,gazole,0,0,2959,2115,automatique
1365,kia,2014,luxury,9.2,133,26.5,gazole,0,0,2497,1680,automatique
1365,kia,2014,luxury,10,133,26.5,gazole,0,0,2497,1680,manuelle
1375,kia,2014,luxury,9.2,133,26.5,gazole,0,0,2497,1700,automatique
1375,kia,2014,luxury,10,133,26.5,gazole,0,0,2497,1700,manuelle
1500,kia,2014,luxury,8.9,133,26.5,gazole,0,0,2497,1800,automatique
1500,kia,2014,luxury,9.7,133,26.5,gazole,0,0,2497,1800,manuelle
1512,kia,2014,luxury,10,133,26.5,gazole,0,0,2497,1655,manuelle
1522,kia,2014,luxury,10,133,26.5,gazole,0,0,2497,1680,manuelle
1555,kia,2014,luxury,9.1,133,26.5,gazole,0,0,2497,1810,manuelle
1649,kia,2014,luxury,9.7,133,26.5,gazole,0,0,2497,1780,manuelle
1690,kia,2014,luxury,9.1,133,26.5,gazole,0,0,2497,1925,manuelle
1742,kia,2014,luxury,9,133,26.5,gazole,0,0,2497,1940,manuelle
1352,kia,2013,luxury,9.2,133,26.5,gazole,0,0,2497,1680,automatique
1352,kia,2013,luxury,10,133,26.5,gazole,0,0,2497,1680,manuelle
1362,kia,2013,luxury,9.2,133,26.5,gazole,0,0,2497,1700,automatique
1362,kia,2013,luxury,10,133,26.5,gazole,0,0,2497,1700,manuelle
1487,kia,2013,luxury,8.9,133,26.5,gazole,0,0,2497,1800,automatique
1487,kia,2013,luxury,9.7,133,26.5,gazole,0,0,2497,1800,manuelle
1500,kia,2013,luxury,10,133,26.5,gazole,0,0,2497,1655,manuelle
1510,kia,2013,luxury,10,133,26.5,gazole,0,0,2497,1680,manuelle
1608,kia,2013,luxury,9.1,133,26.5,gazole,0,0,2497,1810,manuelle
1618,kia,2013,luxury,9.1,133,26.5,gazole,0,0,2497,1835,manuelle
1637,kia,2013,luxury,9.7,133,26.5,gazole,0,0,2497,1780,manuelle
1714,kia,2013,luxury,9,133,26.5,gazole,0,0,2497,1940,manuelle
1724,kia,2013,luxury,9,133,26.5,gazole,0,0,2497,1960,manuelle
1743,kia,2013,luxury,9.1,133,26.5,gazole,0,0,2497,1925,manuelle
2160,hyundai,2015,luxury,9.5,175,46,gazole,0,0,2497,2210,automatique
2160,hyundai,2015,luxury,10.9,175,46,gazole,0,0,2497,2210,manuelle
2545,hyundai,2015,luxury,8.7,175,46,gazole,0,0,2497,2383,manuelle
1960,hyundai,2015,luxury,9.6,175,46,gazole,0,0,2497,1990,automatique
1960,hyundai,2015,luxury,11.4,175,46,gazole,0,0,2497,1990,manuelle
4802,hyundai,2013,luxury,,175,46,gazole,0,0,2497,,automatique
1960,hyundai,2015,luxury,9.6,175,46,gazole,0,0,2497,1990,automatique
1960,hyundai,2015,luxury,11.4,175,46,gazole,0,0,2497,1990,manuelle
1895,hyundai,2014,luxury,9.6,175,46,gazole,0,0,2497,1990,automatique
1895,hyundai,2014,luxury,11.4,175,46,gazole,0,0,2497,1990,manuelle
1430,hyundai,2015,luxury,8.9,133,26.5,gazole,0,0,2497,1696,manuelle
1542,hyundai,2015,luxury,8.9,133,26.5,gazole,0,0,2497,1751,automatique
1630,hyundai,2015,luxury,9.1,133,26.5,gazole,0,0,2497,1850,manuelle
3040,samsung,2014,luxury,10.2,190,24.8,essence,0,0,2495,1635,automatique
3687,daewoo,2014,luxury,12.1,181,23.8,essence,0,1,2384,1710,automatique
4019,daewoo,2015,luxury,12.1,181,23.8,essence,0,1,2384,1710,automatique
3123,daewoo,2015,luxury,10.8,185,24,essence,0,0,2384,1695,automatique
3245,daewoo,2015,luxury,10.8,185,24,essence,0,0,2384,1695,automatique
3106,chevolet,2015,intermediaire,10.8,170,23,essence,0,0,2384,1530,automatique
2608,chevolet,2011,intermediaire,10.4,168,23.3,essence,0,0,2384,1700,automatique
2661,chevolet,2011,intermediaire,10.4,168,23.3,essence,0,0,2384,1700,automatique
3583,kia,2014,luxury,16,159,21,essence,0,1,2359,1690,automatique
2960,kia,2015,luxury,11.3,201,25.5,essence,0,0,2359,1535,automatique
1387,kia,2014,luxury,6.8,159,23,lpg,1,0,2359,1669,manuelle
1369,kia,2013,luxury,6.8,159,23,lpg,1,0,2359,1669,manuelle
2366,hyundai,2015,intermediaire,11.5,193,25.2,essence,0,0,2359,1575,automatique
2150,hyundai,2015,luxury,6.3,159,23,gazole,1,0,2359,2165,automatique
2150,hyundai,2015,luxury,6.6,159,23,gazole,1,0,2359,2165,manuelle
1915,hyundai,2015,luxury,6.4,159,23,lpg,1,0,2359,1935,automatique
1915,hyundai,2015,luxury,6.8,159,23,lpg,1,0,2359,1935,manuelle
3024,hyundai,2015,luxury,11.3,190,24.6,essence,0,0,2359,1575,automatique
3450,hyundai,2015,luxury,16,159,21,essence,0,1,2359,1680,automatique
1915,hyundai,2015,luxury,6.4,159,23,lpg,0,0,2359,1935,automatique
1915,hyundai,2015,luxury,6.8,159,23,lpg,0,0,2359,1935,manuelle
1850,hyundai,2014,luxury,6.4,159,23,lpg,1,0,2359,1935,automatique
1850,hyundai,2014,luxury,6.8,159,23,lpg,1,0,2359,1935,manuelle
3238,chevolet,2015,intermediaire,11.4,184,40.8,gazole,0,0,2231,1905,automatique
2500,chevolet,2011,intermediaire,15.9,184,40.8,gazole,0,0,2231,1825,manuelle
2500,chevolet,2011,intermediaire,13.9,184,40.8,gazole,0,0,2231,1825,automatique
2553,chevolet,2011,intermediaire,13.9,184,40.8,gazole,0,0,2231,1825,automatique
2553,chevolet,2011,intermediaire,15.9,184,40.8,gazole,0,0,2231,1825,manuelle
2925,kia,2015,intermediaire,12.4,202,45,gazole,0,0,2199,1843,automatique
3133,kia,2015,intermediaire,12.4,202,45,gazole,0,0,2199,1884,automatique
3280,kia,2015,intermediaire,11.6,202,45,gazole,0,0,2199,1901,automatique
3346,kia,2015,intermediaire,11.6,202,45,gazole,0,0,2199,1942,automatique
2321,kia,2013,luxury,10.9,197,44.5,gazole,0,0,2199,2085,automatique
2321,kia,2013,luxury,11.6,197,44.5,gazole,0,0,2199,2085,manuelle
4306,kia,2013,luxury,10.9,197,44.5,gazole,0,0,2199,2160,automatique
2735,kia,2015,luxury,11.5,202,45,gazole,0,0,2199,2137,automatique
3020,kia,2015,luxury,11.5,202,45,gazole,0,0,2199,2130,automatique
3020,kia,2015,luxury,11.2,202,45,gazole,0,0,2199,2130,automatique
3418,kia,2015,luxury,10.3,202,45,gazole,0,0,2199,2187,automatique
3448,kia,2015,luxury,10.3,202,45,gazole,0,0,2199,2177,automatique
4645,kia,2015,luxury,10.3,202,45,gazole,0,0,2199,2190,automatique
4759,kia,2015,luxury,10.3,202,45,gazole,0,0,2199,2198,automatique
3530,kia,2015,luxury,11.2,202,45,gazole,0,0,2199,2098,automatique
2595,hyundai,2015,intermediaire,11.4,200,20.9,gazole,0,0,2199,1864,automatique
3065,hyundai,2015,intermediaire,13.8,200,44.5,gazole,0,0,2199,1799,automatique
3373,hyundai,2015,intermediaire,11.9,200,44.5,gazole,0,0,2199,1840,automatique
2879,hyundai,2015,intermediaire,14.8,200,43,gazole,0,0,2199,1760,manuelle
3277,hyundai,2015,intermediaire,12.4,200,44.5,gazole,0,0,2199,1864,automatique
3585,hyundai,2015,intermediaire,11.3,200,44.5,gazole,0,0,2199,1905,automatique
3091,hyundai,2015,intermediaire,14,200,43,gazole,0,0,2199,1826,manuelle
3254,hyundai,2015,luxury,13.8,202,45,gazole,0,0,2199,1691,automatique
3036,kia,2014,intermediaire,16.8,150,18.3,essence,0,1,1999,1570,automatique
2040,kia,2015,intermediaire,11.9,172,20.5,essence,0,0,1999,1400,automatique
2040,kia,2015,intermediaire,12.2,172,20.5,essence,0,0,1999,1400,manuelle
1665,kia,2014,compact,9,154,19.8,lpg,1,0,1999,1500,automatique
1665,kia,2014,compact,9.5,154,19.8,lpg,1,0,1999,1500,manuelle
2845,hyundai,2015,intermediaire,15.5,166,34.7,essence,0,0,1999,1470,automatique
2255,hyundai,2015,intermediaire,11.6,168,20.5,essence,0,0,1999,1460,automatique
2870,hyundai,2015,intermediaire,17.7,156,19.3,essence,0,1,1999,1585,automatique
2495,hyundai,2015,intermediaire,11.4,166,20.9,essence,0,0,1999,1470,automatique
1885,hyundai,2015,compact,12.7,172,21,essence,0,0,1999,1300,manuelle
1885,hyundai,2015,compact,11.8,172,21,essence,0,0,1999,1300,automatique
1890,hyundai,2015,compact,11.8,172,21,essence,0,0,1999,1325,automatique
1690,hyundai,2015,compact,12.4,215,21.3,essence,0,0,1999,1216,automatique
1690,hyundai,2015,compact,12.8,215,21.3,essence,0,0,1999,1216,manuelle
1955,hyundai,2015,compact,10.3,166,20.9,essence,0,0,1999,1452,automatique
2805,kia,2015,intermediaire,10.3,271,37.2,essence,0,0,1998,1520,automatique
2150,kia,2015,compact,9.7,261,37.2,essence,0,0,1998,1514,automatique
2270,samsung,2015,compact,10.6,143,20.1,essence,0,0,1998,1570,automatique
2250,samsung,2015,intermediaire,12.6,141,19.8,essence,0,0,1998,1415,automatique
2459,chevolet,2015,intermediaire,11.6,141,18.8,essence,0,0,1998,1530,automatique
2429,chevolet,2014,intermediaire,11.6,141,18.8,essence,0,0,1998,1530,automatique
2490,chevolet,2014,intermediaire,8.3,137,18.7,lpg,1,0,1998,1585,automatique
2423,chevolet,2013,intermediaire,11.6,141,18.8,essence,0,0,1998,1530,automatique
2195,chevolet,2012,intermediaire,12.4,141,18.8,essence,0,0,1998,1530,automatique
2069,chevolet,2015,compact,8,140,18.8,lpg,1,0,1998,1645,automatique
2295,chevolet,2015,compact,12,163,36.7,gazole,0,0,1998,1705,automatique
2042,chevolet,2014,compact,8,140,18.8,lpg,1,0,1998,1645,automatique
2267,chevolet,2014,compact,12,163,36.7,gazole,0,0,1998,1705,automatique
2014,chevolet,2013,compact,8,140,18.8,lpg,1,0,1998,1645,automatique
2210,chevolet,2013,compact,12,163,36.7,gazole,0,0,1998,1705,automatique
1916,chevolet,2012,compact,8.7,140,18.8,lpg,1,0,1998,1645,automatique
2148,chevolet,2012,compact,14,163,36.7,gazole,0,0,1998,1705,automatique
1891,chevolet,2011,compact,8.7,140,18.8,lpg,1,0,1998,1645,automatique
2123,chevolet,2011,compact,14,163,36.7,gazole,0,0,1998,1705,automatique
2741,chevolet,2015,intermediaire,12,163,40.8,gazole,0,0,1998,1905,automatique
2728,chevolet,2014,intermediaire,12,163,40.8,gazole,0,0,1998,1905,automatique
2728,chevolet,2013,intermediaire,12,163,40.8,gazole,0,0,1998,1905,automatique
2571,chevolet,2012,intermediaire,14.1,163,40.8,gazole,0,0,1998,1905,automatique
3002,chevolet,2013,intermediaire,12,163,40.8,gazole,0,0,1998,1905,automatique
2225,chevolet,2015,compact,13.1,163,36.7,gazole,0,0,1998,1500,automatique
2192,chevolet,2014,compact,13.8,163,36.7,gazole,0,0,1998,1465,automatique
2192,chevolet,2014,compact,16,163,36.7,gazole,0,0,1998,1465,manuelle
2312,chevolet,2013,compact,13.8,163,36.7,gazole,0,0,1998,1465,automatique
2312,chevolet,2013,compact,16,163,36.7,gazole,0,0,1998,1465,manuelle
2030,chevolet,2012,compact,15.9,163,36.7,gazole,0,0,1998,1465,automatique
2030,chevolet,2012,compact,19.7,163,36.7,gazole,0,0,1998,1465,manuelle
1899,chevolet,2011,compact,15.9,163,36.7,gazole,0,0,1998,1465,automatique
1899,chevolet,2011,compact,19.7,163,36.7,gazole,0,0,1998,1465,manuelle
2283,chevolet,2014,compact,13.8,163,36.7,gazole,0,0,1998,1530,automatique
2303,chevolet,2013,compact,13.8,163,36.7,gazole,0,0,1998,1530,automatique
1711,chevolet,2012,compact,15.9,163,36.7,gazole,0,0,1998,1530,automatique
3877,ssangyong,2015,luxury,11.7,155,36.7,gazole,0,0,1998,1990,automatique
2812,ssangyong,2015,luxury,11.7,155,36.7,gazole,0,0,1998,1905,automatique
3032,ssangyong,2015,luxury,11.7,155,36.7,gazole,0,0,1998,1905,automatique
3032,ssangyong,2015,luxury,12.9,155,36.7,gazole,0,0,1998,1905,manuelle
2818,ssangyong,2015,luxury,11.3,180,40.8,gazole,0,0,1998,1678,automatique
2083,ssangyong,2015,compact,12.8,181,36.7,gazole,0,0,1998,1580,automatique
2083,ssangyong,2015,compact,17.2,181,36.7,gazole,0,0,1998,1580,manuelle
2263,ssangyong,2015,compact,12,181,36.7,gazole,0,0,1998,1645,automatique
2263,ssangyong,2015,compact,16.1,181,36.7,gazole,0,0,1998,1645,manuelle
2106,ssangyong,2015,luxury,11.8,155,36.7,gazole,0,0,1998,1860,automatique
2106,ssangyong,2015,luxury,13.3,155,36.7,gazole,0,0,1998,1860,manuelle
2391,ssangyong,2015,luxury,11.4,155,36.7,gazole,0,0,1998,1970,automatique
2391,ssangyong,2015,luxury,12.8,155,36.7,gazole,0,0,1998,1970,manuelle
4747,ssangyong,2015,luxury,10.5,155,36.7,gazole,0,0,1998,2325,automatique
2945,ssangyong,2015,luxury,11.3,155,36.7,gazole,0,0,1998,2065,automatique
2576,ssangyong,2015,luxury,11.3,155,36.7,gazole,0,0,1998,2040,automatique
2576,ssangyong,2015,luxury,13.2,155,36.7,gazole,0,0,1998,2040,manuelle
3464,ssangyong,2015,luxury,11.3,155,36.7,gazole,0,0,1998,2065,automatique
2695,hyundai,2015,intermediaire,10.8,245,36,essence,0,0,1998,1570,automatique
2765,kia,2015,intermediaire,12.9,186,41,gazole,0,0,1995,1840,automatique
3050,kia,2015,intermediaire,12.9,186,41,gazole,0,0,1995,1850,automatique
3195,kia,2015,intermediaire,11.7,186,41,gazole,0,0,1995,1897,automatique
3260,kia,2015,intermediaire,11.7,186,41,gazole,0,0,1995,1936,automatique
2065,kia,2015,compact,13.8,184,41,gazole,0,0,1995,1548,automatique
2065,kia,2015,compact,14.4,184,41,gazole,0,0,1995,1548,manuelle
2630,kia,2015,compact,12.5,184,41,gazole,0,0,1995,1625,automatique
2670,samsung,2015,compact,13.2,173,36.7,gazole,0,0,1995,1705,automatique
2860,samsung,2015,compact,12.8,173,36.7,gazole,0,0,1995,1730,automatique
2817,hyundai,2015,intermediaire,14.4,184,41,gazole,0,0,1995,1792,automatique
3195,hyundai,2015,intermediaire,13,184,41,gazole,0,0,1995,1859,automatique
2250,hyundai,2015,compact,15,186,41,gazole,0,0,1995,1615,manuelle
2250,hyundai,2015,compact,14.4,186,41,gazole,0,0,1995,1615,automatique
2430,hyundai,2015,compact,14.1,186,41,gazole,0,0,1995,1665,manuelle
2430,hyundai,2015,compact,12.8,186,41,gazole,0,0,1995,1665,automatique
2080,hyundai,2015,compact,13.8,184,41,gazole,0,0,1995,1548,automatique
2080,hyundai,2015,compact,14.4,184,41,gazole,0,0,1995,1548,manuelle
2260,hyundai,2015,compact,12.5,184,41,gazole,0,0,1995,1611,automatique
2260,hyundai,2015,compact,13.9,184,41,gazole,0,0,1995,1611,manuelle
2777,chevolet,2015,intermediaire,13.3,156,35.8,gazole,0,0,1956,1645,automatique
2703,chevolet,2014,intermediaire,13.3,156,35.8,gazole,0,0,1956,1645,automatique
1750,chevolet,2015,compact,11.3,142,18,essence,0,0,1796,1355,automatique
1723,chevolet,2014,compact,11.3,142,18,essence,0,0,1796,1355,automatique
1806,chevolet,2013,compact,12.4,142,18,essence,0,0,1796,1355,automatique
2070,chevolet,2015,compact,11.1,142,18,essence,0,0,1796,1365,automatique
1808,chevolet,2014,compact,11.1,142,18,essence,0,0,1796,1365,automatique
1799,chevolet,2013,compact,12.4,142,17.8,essence,0,0,1796,1365,automatique
1711,chevolet,2012,compact,13.7,142,17.8,essence,0,0,1796,1365,automatique
2110,kia,2014,compact,13.2,140,33,gazole,0,0,1685,1520,automatique
2745,hyundai,2015,intermediaire,16.2,141,34.7,gazole,0,0,1685,1540,automatique
2340,hyundai,2015,compact,15.6,141,34.7,gazole,0,0,1685,1565,automatique
2790,samsung,2015,intermediaire,13,190,24.5,essence,0,0,1618,1525,automatique
1590,samsung,2015,compact,15,117,16.1,essence,0,0,1598,1195,automatique
1295,chevolet,2014,mini,14.7,114,15.1,essence,0,0,1598,1180,manuelle
1295,chevolet,2014,mini,14.2,114,15.1,essence,0,0,1598,1180,automatique
1269,chevolet,2013,mini,14.7,114,15.1,essence,0,0,1598,1165,manuelle
1269,chevolet,2013,mini,14.2,114,15.1,essence,0,0,1598,1165,automatique
1421,chevolet,2012,mini,17.6,114,15.1,essence,0,0,1598,1180,manuelle
1421,chevolet,2012,mini,15,114,15.1,essence,0,0,1598,1180,automatique
1109,chevolet,2011,mini,15.1,114,15.1,essence,0,0,1598,1180,manuelle
1109,chevolet,2011,mini,15,114,15.1,essence,0,0,1598,1180,automatique
1382,chevolet,2014,mini,14.7,114,15.1,essence,0,0,1598,1165,manuelle
1382,chevolet,2014,mini,14.2,114,15.1,essence,0,0,1598,1165,automatique
1289,chevolet,2013,mini,14.7,114,15.1,essence,0,0,1598,1180,manuelle
1289,chevolet,2013,mini,14.2,114,15.1,essence,0,0,1598,1180,automatique
1439,chevolet,2012,mini,17.3,114,15.1,essence,0,0,1598,1165,manuelle
1439,chevolet,2012,mini,14.8,114,15.1,essence,0,0,1598,1165,automatique
1130,chevolet,2011,mini,17.3,114,15.1,essence,0,0,1598,1165,manuelle
1130,chevolet,2011,mini,14.8,114,15.1,essence,0,0,1598,1165,automatique
1464,chevolet,2014,mini,14.7,114,15.1,essence,0,0,1598,1165,manuelle
1464,chevolet,2014,mini,14.2,114,15.4,essence,0,0,1598,1165,automatique
1481,chevolet,2012,compact,15,124,15.7,essence,0,0,1598,1290,manuelle
1481,chevolet,2012,compact,13,124,15.7,essence,0,0,1598,1290,automatique
1413,chevolet,2011,compact,15,124,15.7,essence,0,0,1598,1290,manuelle
1413,chevolet,2011,compact,13,124,15.7,essence,0,0,1598,1290,automatique
1635,ssangyong,2015,mini,12,126,16,essence,0,0,1597,1270,automatique
1635,ssangyong,2015,mini,12.3,126,16,essence,0,0,1597,1270,manuelle
1403,kia,2015,compact,14,140,17,essence,0,0,1591,1159,automatique
1403,kia,2015,compact,14.5,140,17,essence,0,0,1591,1159,manuelle
1895,kia,2015,compact,12.5,140,17,essence,0,0,1591,1260,automatique
1805,kia,2015,compact,12.8,140,17,essence,0,0,1591,1260,automatique
2070,kia,2015,compact,11.5,204,27,essence,0,0,1591,1305,automatique
2070,kia,2015,compact,12.7,204,27,essence,0,0,1591,1305,manuelle
1450,kia,2015,compact,11.5,132,16.4,essence,0,0,1591,1264,automatique
1450,kia,2015,compact,11.5,132,16.4,essence,0,0,1591,1264,manuelle
1555,kia,2015,mini,14,140,17,essence,0,0,1591,1109,automatique
1600,kia,2015,mini,14,140,17,essence,0,0,1591,1103,automatique
1845,hyundai,2015,compact,12.4,140,17,essence,0,0,1591,1225,automatique
1845,hyundai,2015,compact,13,140,17,essence,0,0,1591,1225,manuelle
2190,hyundai,2015,compact,12.4,204,27,essence,0,0,1591,1300,manuelle
2190,hyundai,2015,compact,12.3,204,27,essence,0,0,1591,1300,automatique
2054,hyundai,2012,compact,14,114,15,lpg,1,1,1591,1297,automatique
1410,hyundai,2015,compact,14.1,140,17,essence,0,0,1591,1210,manuelle
1410,hyundai,2015,compact,14,140,17,essence,0,0,1591,1210,automatique
1519,hyundai,2015,mini,14,140,17,essence,0,0,1591,1085,automatique
1645,hyundai,2014,mini,14,140,17,essence,0,0,1591,1090,automatique
1940,kia,2015,compact,16.2,128,28.5,gazole,0,0,1582,1340,automatique
1985,kia,2015,compact,13.4,128,26.5,gazole,0,0,1582,1408,automatique
2110,hyundai,2015,compact,17.3,136,30.6,gazole,0,0,1582,1350,automatique
1610,hyundai,2015,compact,18.5,128,28.5,gazole,0,0,1582,1305,manuelle
1610,hyundai,2015,compact,16.2,128,28.5,gazole,0,0,1582,1305,automatique
1445,hyundai,2015,mini,19,136,30.6,gazole,0,0,1582,1190,manuelle
1445,hyundai,2015,mini,18,136,30.6,gazole,0,0,1582,1190,automatique
1560,hyundai,2015,mini,19,136,30.6,gazole,0,0,1582,1160,manuelle
1560,hyundai,2015,mini,18,136,30.6,gazole,0,0,1582,1160,automatique
2280,samsung,2015,mini,18.5,90,22.4,gazole,0,0,1461,1300,automatique
2590,samsung,2015,intermediaire,16.5,110,24.5,gazole,0,0,1461,1475,automatique
989,kia,2010,mini,17,95,13.9,essence,0,0,1399,1070,manuelle
989,kia,2010,mini,15,95,13.9,essence,0,0,1399,1070,automatique
1117,kia,2010,mini,17,95,13.9,essence,0,0,1399,1085,manuelle
1117,kia,2010,mini,15.1,95,13.9,essence,0,0,1399,1085,automatique
870,hyundai,2010,mini,13,95,12.7,essence,0,0,1399,1046,automatique
1175,kia,2015,mini,14.5,108,13.9,essence,0,0,1396,1056,manuelle
1175,kia,2015,mini,13.3,108,13.9,essence,0,0,1396,1056,automatique
1153,kia,2014,mini,14.5,108,13.9,essence,0,0,1396,1056,manuelle
1153,kia,2014,mini,13.3,108,13.9,essence,0,0,1396,1056,automatique
1145,kia,2013,mini,14.5,108,13.9,essence,0,0,1396,1056,manuelle
1145,kia,2013,mini,13.3,108,13.9,essence,0,0,1396,1056,automatique
1104,kia,2012,mini,18,108,13.9,essence,0,0,1396,1056,manuelle
1104,kia,2012,mini,16.1,108,13.9,essence,0,0,1396,1056,automatique
1220,kia,2015,mini,14.5,108,13.9,essence,0,0,1396,1050,manuelle
1220,kia,2015,mini,13.3,108,13.9,essence,0,0,1396,1050,automatique
1555,kia,2015,mini,19,90,24.5,gazole,0,0,1396,1185,manuelle
1198,kia,2014,mini,14.5,108,13.9,essence,0,0,1396,1050,manuelle
1198,kia,2014,mini,13.3,108,13.9,essence,0,0,1396,1050,automatique
1190,kia,2013,mini,14.5,108,13.9,essence,0,0,1396,1050,manuelle
1190,kia,2013,mini,13.3,108,13.9,essence,0,0,1396,1050,automatique
1149,kia,2012,mini,18,108,13.9,essence,0,0,1396,1050,manuelle
1149,kia,2012,mini,16.1,108,13.9,essence,0,0,1396,1050,automatique
1104,hyundai,2013,mini,15,108,13.6,essence,0,0,1396,1035,manuelle
1104,hyundai,2013,mini,13.3,108,13.6,essence,0,0,1396,1035,automatique
1164,hyundai,2012,mini,14.3,108,13.9,essence,0,0,1396,1035,manuelle
1164,hyundai,2012,mini,13.3,108,13.9,essence,0,0,1396,1035,automatique
1149,hyundai,2011,mini,18,108,13.9,essence,0,0,1396,1035,manuelle
1149,hyundai,2011,mini,16.1,108,13.9,essence,0,0,1396,1035,automatique
1430,hyundai,2013,mini,13.3,108,13.9,essence,0,0,1396,1065,automatique
1270,hyundai,2012,mini,14.3,108,13.9,essence,0,0,1396,1040,manuelle
1270,hyundai,2012,mini,13.3,108,13.9,essence,0,0,1396,1040,automatique
1270,hyundai,2011,mini,18,108,13.9,essence,0,0,1396,1040,manuelle
1270,hyundai,2011,mini,16.1,108,13.9,essence,0,0,1396,1040,automatique
1135,hyundai,2015,mini,15,100,13.6,essence,0,0,1368,1035,manuelle
1135,hyundai,2015,mini,14.1,100,13.6,essence,0,0,1368,1035,automatique
1111,hyundai,2014,mini,15,100,13.6,essence,0,0,1368,1035,manuelle
1111,hyundai,2014,mini,14.1,100,13.6,essence,0,0,1368,1035,automatique
1492,hyundai,2015,mini,14,100,13.6,essence,0,0,1368,1103,automatique
1459,hyundai,2014,mini,14.1,100,13.6,essence,0,0,1368,1095,automatique
1423,chevolet,2015,mini,14.9,140,20.4,essence,0,0,1362,1195,manuelle
1423,chevolet,2015,mini,13.1,140,20.4,essence,0,0,1362,1195,automatique
1522,chevolet,2015,mini,14.6,140,20.4,essence,0,0,1362,1175,manuelle
1522,chevolet,2015,mini,12.9,140,20.4,essence,0,0,1362,1175,automatique
1999,chevolet,2015,mini,12.6,140,20.4,essence,0,0,1362,1245,automatique
1949,chevolet,2014,mini,12.6,130,20.4,essence,0,0,1362,1275,automatique
2030,chevolet,2015,compact,12.6,140,20.1,essence,0,0,1362,1360,automatique
2165,chevolet,2015,compact,12.6,140,20.4,essence,0,0,1362,1365,automatique
1955,chevolet,2015,mini,12.2,140,20.4,essence,0,0,1362,1370,automatique
1940,chevolet,2013,mini,12.2,140,20.4,essence,0,0,1362,1370,automatique
1940,chevolet,2014,mini,12.2,140,20.4,essence,0,0,1352,1370,automatique
754,kia,2010,mini,20,72,9.2,essence,0,0,999,849,manuelle
754,kia,2010,mini,20,72,9.2,essence,0,0,999,849,automatique
714,kia,2010,mini,20,72,9.2,essence,0,0,999,849,manuelle
714,kia,2010,mini,20,72,9.2,essence,0,0,999,849,automatique
1261,kia,2015,mini,14.6,78,9.6,essence,0,0,998,988,manuelle
1261,kia,2015,mini,13,78,9.6,essence,0,0,998,988,automatique
1514,kia,2015,mini,13.9,106,14,essence,0,0,998,1070,automatique
1245,kia,2014,mini,14.6,78,9.6,essence,0,0,998,988,manuelle
1245,kia,2014,mini,13.5,78,9.6,essence,0,0,998,988,automatique
1510,kia,2014,mini,13.9,106,14,essence,0,0,998,1070,automatique
1245,kia,2013,mini,14.6,78,9.6,essence,0,0,998,988,manuelle
1245,kia,2013,mini,13.5,78,9.6,essence,0,0,998,988,automatique
1510,kia,2013,mini,13.9,106,14,essence,0,0,998,1070,automatique
1135,kia,2012,mini,13.5,78,9.6,essence,0,0,998,998,automatique
1143,kia,2015,mini,13.5,78,9.6,essence,0,0,998,988,automatique
1139,kia,2014,mini,13.5,78,9.6,essence,0,0,998,998,automatique
1139,kia,2013,mini,13.5,78,9.6,essence,0,0,998,998,automatique
955,kia,2015,mini,16.2,78,9.6,essence,0,0,998,925,manuelle
955,kia,2015,mini,15.2,78,9.6,essence,0,0,998,925,automatique
911,kia,2014,mini,17,82,9.6,essence,0,0,998,890,manuelle
911,kia,2014,mini,15.2,82,9.6,essence,0,0,998,890,automatique
1085,kia,2015,mini,13.2,78,9.6,lpg,1,0,998,980,automatique
1085,kia,2015,mini,12.4,78,9.6,lpg,1,0,998,980,manuelle
1440,kia,2015,mini,14,106,14,essence,0,0,998,975,automatique
908,kia,2013,mini,17,80,9.6,essence,0,0,998,810,manuelle
908,kia,2013,mini,15.2,80,9.6,essence,0,0,998,810,automatique
890,kia,2012,mini,22,82,9.6,essence,0,0,998,880,manuelle
890,kia,2012,mini,19,82,9.6,essence,0,0,998,880,automatique
880,kia,2011,mini,22,82,9.6,essence,0,0,998,880,manuelle
880,kia,2011,mini,19,82,9.6,essence,0,0,998,880,automatique
915,kia,2015,mini,16.2,78,9.6,essence,0,0,998,920,manuelle
915,kia,2015,mini,15.2,78,9.6,essence,0,0,998,920,automatique
871,kia,2014,mini,17,82,9.6,essence,0,0,998,885,manuelle
871,kia,2014,mini,15.2,82,9.6,essence,0,0,998,885,automatique
843,kia,2013,mini,17,82,9.6,essence,0,0,998,885,manuelle
843,kia,2013,mini,15.2,82,9.6,essence,0,0,998,885,automatique
830,kia,2012,mini,22,82,9.6,essence,0,0,998,875,manuelle
831,kia,2012,mini,19,82,9.6,essence,0,0,998,875,automatique
825,kia,2011,mini,22,82,9.6,essence,0,0,998,875,manuelle
825,kia,2011,mini,19,82,9.6,essence,0,0,998,875,automatique
952,chevolet,2015,mini,16.8,70,9.6,essence,0,0,995,895,manuelle
952,chevolet,2015,mini,15.3,70,9.6,essence,0,0,995,895,automatique
996,chevolet,2015,mini,16.8,70,9.6,essence,0,0,995,895,manuelle
996,chevolet,2015,mini,15.3,70,9.6,essence,0,0,995,895,automatique
1162,chevolet,2015,mini,16.8,70,9.6,essence,0,0,995,895,manuelle
1162,chevolet,2015,mini,15.3,70,9.6,essence,0,0,995,895,automatique
1221,chevolet,2015,mini,16.8,70,9.6,essence,0,0,995,895,manuelle
1221,chevolet,2015,mini,15.3,70,9.6,essence,0,0,995,895,automatique
1298,chevolet,2015,mini,16.8,70,9.6,essence,0,0,995,895,manuelle
1298,chevolet,2015,mini,15.3,70,9.6,essence,0,0,995,895,automatique
1348,chevolet,2015,mini,16.8,70,9.6,essence,0,0,995,895,manuelle
1348,chevolet,2015,mini,15.3,70,9.6,essence,0,0,995,895,automatique
1398,chevolet,2015,mini,15.3,75,9.6,essence,0,0,995,955,manuelle
869,chevolet,2014,mini,16.8,70,9.4,essence,0,0,995,895,manuelle
869,chevolet,2014,mini,14.8,70,9.4,essence,0,0,995,895,automatique
1026,chevolet,2014,mini,11.5,65,9.3,lpg,1,0,995,925,automatique
1026,chevolet,2014,mini,14,65,9.3,lpg,1,0,995,925,manuelle
869,chevolet,2013,mini,16.8,70,9.4,essence,0,0,995,895,manuelle
869,chevolet,2013,mini,14.8,70,9.4,essence,0,0,995,895,automatique
1030,chevolet,2013,mini,11.5,65,9.3,lpg,1,0,995,925,automatique
1030,chevolet,2013,mini,14,65,9.3,lpg,1,0,995,925,manuelle
864,chevolet,2012,mini,21,70,9.4,essence,0,0,995,895,manuelle
864,chevolet,2012,mini,17,70,9.4,essence,0,0,995,895,automatique
1023,chevolet,2012,mini,13.6,65,9.3,lpg,1,0,995,925,automatique
1023,chevolet,2012,mini,17,65,9.3,lpg,1,0,995,925,manuelle
829,chevolet,2011,mini,21,70,9.4,essence,0,0,995,895,manuelle
829,chevolet,2011,mini,17,70,9.4,essence,0,0,995,895,automatique
965,chevolet,2011,mini,13.6,65,9.3,lpg,1,0,995,910,automatique
965,chevolet,2011,mini,17,65,9.3,lpg,1,0,995,910,manuelle
807,daewoo,2015,mini,8.9,43,6.7,lpg,1,0,796,735,manuelle
862,daewoo,2015,mini,8.9,43,6.7,lpg,1,0,796,760,manuelle
796,daewoo,2012,mini,9.8,43,6.7,lpg,1,0,796,760,manuelle
741,daewoo,2012,mini,9.8,43,6.7,lpg,1,0,796,735,manuelle
958,daewoo,2015,mini,9.2,43,6.7,lpg,1,0,796,865,manuelle
964,daewoo,2015,mini,9,41,6.7,lpg,1,0,796,905,manuelle
904,daewoo,2013,mini,9.9,41,6.7,lpg,1,0,796,865,manuelle
910,daewoo,2013,mini,9.6,41,6.7,lpg,1,0,796,905,manuelle
